strategy,mean_payoff,coop_rate,mean_diff,std_payoff
gemini,3.0,1.0,0.0,0.0
deepseek,2.9833333333333334,0.9166666666666666,0.14583333333333334,0.7973106819618262
grok,2.9791666666666665,0.8791666666666667,0.25,0.8204902946229361
claude3,2.9541666666666666,0.9916666666666667,-0.0625,0.4686660199062693
gpt4o,2.6333333333333333,0.8958333333333334,-0.3333333333333333,1.1236024947677252
